matrix,build,arm,kernel,cflags,dtype,threads,lmul,runs,time_median_s,time_mean_s,time_std_s,time_min_s,time_max_s,time_iqr_s,time_rel_spread,gops_median,gops_mean,gops_std,gops_min,gops_max,speedup_vs_baseline,speedup_ci_lo,speedup_ci_hi,speedup_significant,speedup_vs_scalar_same_build,speedup_vs_1thread,parallel_efficiency,nnz_c,op_mean,op_max,op_var,cycles_median,instructions_median,ipc,stalls_backend_median,backend_stall_frac,perf_mux_min,cycles_per_nnz_c,march,cc_version,status
2cubes_sphere,gcv,intrinsic,rvv_f32_m1,-,f32,1,1,10,0.553298440,0.553982302,0.001440015,0.552590007,0.556752729,0.001753847,0.0075,0.0992,0.0991,0.0003,0.0986,0.0994,0.9949,0.9922,0.9991,yes,0.9949,1.0000,1.0000,8974526,270.4706,544,2336.8139,885030104,159136177,0.1798,768701989,0.8686,1.0000,98.6158,-march=rv64gcv -mabi=lp64d,16.1.0,FAIL
2cubes_sphere,gcv,intrinsic,rvv_f32_m2,-,f32,1,2,10,0.544733592,0.545493681,0.001615710,0.544019458,0.548212275,0.003185567,0.0077,0.1008,0.1007,0.0003,0.1001,0.1009,1.0106,1.0054,1.0151,yes,1.0106,1.0000,1.0000,8974526,270.4706,544,2336.8139,871237576,135976311,0.1561,769441702,0.8832,1.0000,97.0790,-march=rv64gcv -mabi=lp64d,16.1.0,FAIL
2cubes_sphere,gcv,intrinsic,rvv_f32_m4,-,f32,1,4,10,0.579290715,0.580111226,0.001745325,0.578588638,0.583146431,0.003725002,0.0079,0.0948,0.0946,0.0003,0.0941,0.0949,0.9503,0.9464,0.9545,yes,0.9503,1.0000,1.0000,8974526,270.4706,544,2336.8139,926565414,127498077,0.1376,835314174,0.9015,1.0000,103.2439,-march=rv64gcv -mabi=lp64d,16.1.0,FAIL
2cubes_sphere,gcv,autovec,scalar_f32,-,f32,1,,10,0.550494741,0.551327229,0.001381688,0.549670625,0.553664485,0.002581525,0.0073,0.0997,0.0996,0.0002,0.0992,0.0999,1.0000,1.0000,1.0000,,1.0000,1.0000,1.0000,8974526,270.4706,544,2336.8139,880526334,414568214,0.4708,583161314,0.6623,1.0000,98.1140,-march=rv64gcv -mabi=lp64d,16.1.0,ok
2cubes_sphere,gcv,baseline,scalar_f32,-fno-tree-vectorize -fno-tree-slp-vectorize,f32,1,,10,0.550945238,0.551765634,0.001876733,0.549763542,0.555515760,0.002848907,0.0104,0.0996,0.0995,0.0003,0.0988,0.0999,0.9992,0.9951,1.0037,no,0.9992,1.0000,1.0000,8974526,270.4706,544,2336.8139,881097872,414555802,0.4705,584677988,0.6636,1.0000,98.1776,-march=rv64gcv -mabi=lp64d,16.1.0,ok
2cubes_sphere,gcv,omp,scalar_omp_f32,-fopenmp,f32,1,,10,0.548183173,0.558647465,0.021589299,0.547639446,0.617236282,0.004442143,0.1270,0.1001,0.0984,0.0035,0.0889,0.1003,1.0042,0.9768,1.0085,no,1.0042,1.0000,1.0000,8974526,270.4706,544,2336.8139,877019103,414618094,0.4728,579210646,0.6604,1.0000,97.7232,-march=rv64gcv -mabi=lp64d,16.1.0,ok
2cubes_sphere,gcv,omp,scalar_omp_f32,-fopenmp,f32,2,,10,0.588755458,0.589149302,0.001237702,0.587536441,0.591565891,0.001430254,0.0068,0.0932,0.0932,0.0002,0.0928,0.0934,0.9350,0.9330,0.9390,yes,0.9350,0.9311,0.4655,8974526,270.4706,544,2336.8139,485462047,210263566,0.4331,328249806,0.6762,1.0000,54.0933,-march=rv64gcv -mabi=lp64d,16.1.0,ok
2cubes_sphere,gcv,omp,scalar_omp_f32,-fopenmp,f32,4,,10,0.589874717,0.591132887,0.002773480,0.588169816,0.596385266,0.004557651,0.0139,0.0930,0.0929,0.0004,0.0921,0.0933,0.9332,0.9274,0.9377,yes,0.9332,0.9293,0.2323,8974526,270.4706,544,2336.8139,242213675,105831738,0.4369,162607263,0.6713,1.0000,26.9890,-march=rv64gcv -mabi=lp64d,16.1.0,ok
2cubes_sphere,gcv,omp,scalar_omp_f32,-fopenmp,f32,8,,10,0.591323769,0.591246894,0.002584993,0.588469871,0.597725432,0.003325184,0.0157,0.0928,0.0929,0.0004,0.0919,0.0933,0.9310,0.9294,0.9370,yes,0.9310,0.9270,0.1159,8974526,270.4706,544,2336.8139,128810670,53787104,0.4176,88063364,0.6837,1.0000,14.3529,-march=rv64gcv -mabi=lp64d,16.1.0,ok
amazon0312,gcv,intrinsic,rvv_f32_m1,-,f32,1,1,10,2.867929327,2.883066276,0.045402949,2.865542321,3.019120894,0.004272124,0.0536,0.0198,0.0197,0.0003,0.0188,0.0198,0.8678,0.8670,0.8688,yes,0.8678,1.0000,1.0000,14390544,70.8198,100,1020.3437,4587286734,265589360,0.0579,4350391824,0.9484,1.0000,318.7709,-march=rv64gcv -mabi=lp64d,16.1.0,ok
amazon0312,gcv,intrinsic,rvv_f32_m2,-,f32,1,2,10,2.903984544,2.904372555,0.001068671,2.902681934,2.906253600,0.001573740,0.0012,0.0195,0.0195,0.0000,0.0195,0.0196,0.8570,0.8565,0.8575,yes,0.8570,1.0000,1.0000,14390544,70.8198,100,1020.3437,4644640272,229689470,0.0495,4437350238,0.9554,1.0000,322.7564,-march=rv64gcv -mabi=lp64d,16.1.0,ok
amazon0312,gcv,intrinsic,rvv_f32_m4,-,f32,1,4,10,3.039933757,3.039766575,0.000968654,3.037693096,3.041084982,0.001356086,0.0011,0.0187,0.0187,0.0000,0.0187,0.0187,0.8187,0.8184,0.8193,yes,0.8187,1.0000,1.0000,14390544,70.8198,100,1020.3437,4862167998,230804404,0.0475,4649848820,0.9563,1.0000,337.8724,-march=rv64gcv -mabi=lp64d,16.1.0,ok
amazon0312,gcv,autovec,scalar_f32,-,f32,1,,10,2.488836045,2.499879517,0.032929415,2.487664655,2.598626270,0.002145459,0.0446,0.0228,0.0227,0.0003,0.0218,0.0228,1.0000,1.0000,1.0000,,1.0000,1.0000,1.0000,14390544,70.8198,100,1020.3437,3980411501,512800811,0.1288,3578621189,0.8991,1.0000,276.5991,-march=rv64gcv -mabi=lp64d,16.1.0,ok
amazon0312,gcv,baseline,scalar_f32,-fno-tree-vectorize -fno-tree-slp-vectorize,f32,1,,10,2.482197329,2.482894496,0.001655176,2.481663424,2.486587384,0.000818619,0.0020,0.0229,0.0229,0.0000,0.0228,0.0229,1.0027,1.0021,1.0033,yes,1.0027,1.0000,1.0000,14390544,70.8198,100,1020.3437,3969888808,512450518,0.1291,3570555464,0.8994,1.0000,275.8679,-march=rv64gcv -mabi=lp64d,16.1.0,ok
amazon0312,gcv,omp,scalar_omp_f32,-fopenmp,f32,1,,10,2.627704043,2.628359846,0.001710512,2.625557940,2.631079699,0.003256433,0.0021,0.0216,0.0216,0.0000,0.0216,0.0216,0.9472,0.9462,0.9478,yes,0.9472,1.0000,1.0000,14390544,70.8198,100,1020.3437,4202725616,512722700,0.1220,3799584770,0.9041,1.0000,292.0477,-march=rv64gcv -mabi=lp64d,16.1.0,ok
amazon0312,gcv,omp,scalar_omp_f32,-fopenmp,f32,2,,10,2.738032967,2.739262670,0.003557385,2.734526007,2.747707191,0.002251494,0.0048,0.0207,0.0207,0.0000,0.0207,0.0208,0.9090,0.9081,0.9095,yes,0.9090,0.9597,0.4799,14390544,70.8198,100,1020.3437,2141427820,275693222,0.1287,1897900200,0.8863,1.0000,148.8080,-march=rv64gcv -mabi=lp64d,16.1.0,ok
amazon0312,gcv,omp,scalar_omp_f32,-fopenmp,f32,4,,10,2.717325932,2.731233758,0.040825079,2.716167333,2.853635020,0.003503462,0.0506,0.0209,0.0208,0.0003,0.0199,0.0209,0.9159,0.9151,0.9166,yes,0.9159,0.9670,0.2418,14390544,70.8198,100,1020.3437,896039330,128003360,0.1429,784956928,0.8760,1.0000,62.2658,-march=rv64gcv -mabi=lp64d,16.1.0,ok
amazon0312,gcv,omp,scalar_omp_f32,-fopenmp,f32,8,,10,2.704663591,2.723353224,0.045519371,2.702857655,2.855289922,0.003819317,0.0564,0.0210,0.0209,0.0003,0.0199,0.0210,0.9202,0.9135,0.9212,yes,0.9202,0.9715,0.1214,14390544,70.8198,100,1020.3437,332522840,52164332,0.1569,288576856,0.8678,1.0000,23.1070,-march=rv64gcv -mabi=lp64d,16.1.0,ok
ca-CondMat,gcv,intrinsic,rvv_f32_m1,-,f32,1,1,10,0.254661728,0.254969864,0.000871639,0.253993517,0.257165040,0.000822160,0.0125,0.0324,0.0324,0.0001,0.0321,0.0325,0.8869,0.8838,0.8886,yes,0.8869,1.0000,1.0000,2355437,178.4258,8467,119749.1689,407288530,32962018,0.0809,380636075,0.9346,1.0000,172.9142,-march=rv64gcv -mabi=lp64d,16.1.0,ok
ca-CondMat,gcv,intrinsic,rvv_f32_m2,-,f32,1,2,10,0.255237945,0.255790353,0.001524869,0.254520945,0.258901645,0.001126684,0.0172,0.0324,0.0323,0.0002,0.0319,0.0324,0.8849,0.8797,0.8879,yes,0.8849,1.0000,1.0000,2355437,178.4258,8467,119749.1689,408152272,29526812,0.0723,384603810,0.9423,1.0000,173.2809,-march=rv64gcv -mabi=lp64d,16.1.0,ok
ca-CondMat,gcv,intrinsic,rvv_f32_m4,-,f32,1,4,10,0.258550000,0.259101938,0.001117321,0.258065654,0.261312420,0.000926406,0.0126,0.0319,0.0319,0.0001,0.0316,0.0320,0.8736,0.8696,0.8751,yes,0.8736,1.0000,1.0000,2355437,178.4258,8467,119749.1689,413547722,27949368,0.0676,391630212,0.9470,1.0000,175.5715,-march=rv64gcv -mabi=lp64d,16.1.0,ok
ca-CondMat,gcv,autovec,scalar_f32,-,f32,1,,10,0.225864542,0.226195948,0.001208550,0.225257536,0.229663861,0.000626505,0.0195,0.0365,0.0365,0.0002,0.0359,0.0366,1.0000,1.0000,1.0000,,1.0000,1.0000,1.0000,2355437,178.4258,8467,119749.1689,361270414,70852012,0.1961,308235070,0.8532,1.0000,153.3772,-march=rv64gcv -mabi=lp64d,16.1.0,ok
ca-CondMat,gcv,baseline,scalar_f32,-fno-tree-vectorize -fno-tree-slp-vectorize,f32,1,,10,0.230397964,0.230826972,0.001066516,0.229941261,0.233856905,0.000552844,0.0170,0.0358,0.0358,0.0002,0.0353,0.0359,0.9803,0.9771,0.9818,yes,0.9803,1.0000,1.0000,2355437,178.4258,8467,119749.1689,368600988,70845561,0.1922,315779769,0.8567,1.0000,156.4894,-march=rv64gcv -mabi=lp64d,16.1.0,ok
ca-CondMat,gcv,omp,scalar_omp_f32,-fopenmp,f32,1,,10,0.233543071,0.234232068,0.001442500,0.233055496,0.237157797,0.000801578,0.0176,0.0353,0.0352,0.0002,0.0348,0.0354,0.9671,0.9603,0.9690,yes,0.9671,1.0000,1.0000,2355437,178.4258,8467,119749.1689,373530272,70863540,0.1897,322239925,0.8627,1.0000,158.5822,-march=rv64gcv -mabi=lp64d,16.1.0,ok
ca-CondMat,gcv,omp,scalar_omp_f32,-fopenmp,f32,2,,10,0.253783905,0.253978156,0.000786593,0.253231395,0.256143349,0.000497221,0.0115,0.0325,0.0325,0.0001,0.0322,0.0326,0.8900,0.8879,0.8918,yes,0.8900,0.9202,0.4601,2355437,178.4258,8467,119749.1689,205348088,36271408,0.1766,176294730,0.8585,1.0000,87.1805,-march=rv64gcv -mabi=lp64d,16.1.0,ok
ca-CondMat,gcv,omp,scalar_omp_f32,-fopenmp,f32,4,,10,0.251447771,0.251791105,0.001396350,0.250559635,0.254655228,0.000972234,0.0163,0.0328,0.0328,0.0002,0.0324,0.0329,0.8983,0.8942,0.9016,yes,0.8983,0.9288,0.2322,2355437,178.4258,8467,119749.1689,99089560,17257707,0.1742,84863302,0.8564,1.0000,42.0684,-march=rv64gcv -mabi=lp64d,16.1.0,ok
ca-CondMat,gcv,omp,scalar_omp_f32,-fopenmp,f32,8,,10,0.252672741,0.259859152,0.012969570,0.251763981,0.294835371,0.013833731,0.1705,0.0327,0.0319,0.0015,0.0280,0.0328,0.8939,0.8490,0.8972,yes,0.8939,0.9243,0.1155,2355437,178.4258,8467,119749.1689,48016624,8291366,0.1727,40942735,0.8527,1.0000,20.3854,-march=rv64gcv -mabi=lp64d,16.1.0,ok
cage12,gcv,intrinsic,rvv_f32_m1,-,f32,1,1,10,0.804047998,0.804188915,0.001214588,0.802820365,0.807221703,0.001604100,0.0055,0.0861,0.0861,0.0001,0.0858,0.0862,1.0190,1.0177,1.0213,yes,1.0190,1.0000,1.0000,15231874,265.7710,989,22031.9179,1285867993,240351315,0.1869,1117859683,0.8693,1.0000,84.4196,-march=rv64gcv -mabi=lp64d,16.1.0,ok
cage12,gcv,intrinsic,rvv_f32_m2,-,f32,1,2,10,0.797965658,0.801633997,0.012987207,0.794007835,0.840045623,0.002380711,0.0577,0.0867,0.0864,0.0013,0.0824,0.0872,1.0267,1.0240,1.0303,yes,1.0267,1.0000,1.0000,15231874,265.7710,989,22031.9179,1276247384,210944868,0.1653,1126971097,0.8830,1.0000,83.7879,-march=rv64gcv -mabi=lp64d,16.1.0,ok
cage12,gcv,intrinsic,rvv_f32_m4,-,f32,1,4,10,0.891592407,0.891932712,0.001263357,0.890569904,0.895067053,0.000756121,0.0050,0.0776,0.0776,0.0001,0.0773,0.0777,0.9189,0.9177,0.9208,yes,0.9189,1.0000,1.0000,15231874,265.7710,989,22031.9179,1426122007,195104062,0.1368,1292518022,0.9063,1.0000,93.6275,-march=rv64gcv -mabi=lp64d,16.1.0,ok
cage12,gcv,autovec,scalar_f32,-,f32,1,,10,0.819285522,0.819658471,0.001302791,0.817911799,0.821751522,0.002310232,0.0047,0.0845,0.0844,0.0001,0.0842,0.0846,1.0000,1.0000,1.0000,,1.0000,1.0000,1.0000,15231874,265.7710,989,22031.9179,1310197413,557450802,0.4255,921182860,0.7031,1.0000,86.0168,-march=rv64gcv -mabi=lp64d,16.1.0,ok
cage12,gcv,baseline,scalar_f32,-fno-tree-vectorize -fno-tree-slp-vectorize,f32,1,,10,0.816422780,0.817033695,0.001314244,0.815531294,0.819128267,0.002915274,0.0044,0.0848,0.0847,0.0002,0.0845,0.0849,1.0035,1.0007,1.0057,yes,1.0035,1.0000,1.0000,15231874,265.7710,989,22031.9179,1305501268,557442070,0.4270,917314010,0.7027,1.0000,85.7085,-march=rv64gcv -mabi=lp64d,16.1.0,ok
cage12,gcv,omp,scalar_omp_f32,-fopenmp,f32,1,,10,0.866029211,0.866071180,0.000377179,0.865574935,0.866623580,0.000813599,0.0012,0.0799,0.0799,0.0000,0.0799,0.0800,0.9460,0.9450,0.9480,yes,0.9460,1.0000,1.0000,15231874,265.7710,989,22031.9179,1385199504,558556368,0.4032,990864037,0.7153,1.0000,90.9408,-march=rv64gcv -mabi=lp64d,16.1.0,ok
cage12,gcv,omp,scalar_omp_f32,-fopenmp,f32,2,,10,0.912134906,0.917168099,0.015856306,0.910239058,0.964578700,0.003248745,0.0596,0.0759,0.0755,0.0012,0.0718,0.0760,0.8982,0.8966,0.9009,yes,0.8982,0.9495,0.4747,15231874,265.7710,989,22031.9179,583669686,208764866,0.3577,429743906,0.7363,1.0000,38.3190,-march=rv64gcv -mabi=lp64d,16.1.0,ok
cage12,gcv,omp,scalar_omp_f32,-fopenmp,f32,4,,10,0.914479975,0.918952947,0.014874788,0.911353757,0.963217057,0.004634814,0.0567,0.0756,0.0753,0.0012,0.0719,0.0760,0.8959,0.8937,0.8992,yes,0.8959,0.9470,0.2368,15231874,265.7710,989,22031.9179,235299273,81983100,0.3484,174538780,0.7418,1.0000,15.4478,-march=rv64gcv -mabi=lp64d,16.1.0,ok
cage12,gcv,omp,scalar_omp_f32,-fopenmp,f32,8,,10,0.915411959,0.915278779,0.001463988,0.912306011,0.917544562,0.002292080,0.0057,0.0756,0.0756,0.0001,0.0754,0.0759,0.8950,0.8937,0.8975,yes,0.8950,0.9461,0.1183,15231874,265.7710,989,22031.9179,83809138,31217892,0.3725,60825634,0.7258,1.0000,5.5022,-march=rv64gcv -mabi=lp64d,16.1.0,ok
cit-Patents,gcv,intrinsic,rvv_f32_m1,-,f32,1,1,10,27.230089980,27.303269859,0.116460961,27.217305938,27.507174061,0.207629820,0.0106,0.0060,0.0060,0.0000,0.0060,0.0060,0.9277,0.9195,0.9345,yes,0.9277,1.0000,1.0000,68848721,21.7637,6142,3896.8190,43536100006,1154318215,0.0265,42146294246,0.9681,1.0000,632.3444,-march=rv64gcv -mabi=lp64d,16.1.0,ok
cit-Patents,gcv,intrinsic,rvv_f32_m2,-,f32,1,2,10,28.567376575,28.639574149,0.128388773,28.538026215,28.840577549,0.283021814,0.0106,0.0058,0.0058,0.0000,0.0057,0.0058,0.8843,0.8773,0.8912,yes,0.8843,1.0000,1.0000,68848721,21.7637,6142,3896.8190,45669838621,1104147328,0.0242,44324124036,0.9705,1.0000,663.3360,-march=rv64gcv -mabi=lp64d,16.1.0,ok
cit-Patents,gcv,intrinsic,rvv_f32_m4,-,f32,1,4,10,31.146199403,31.222642672,0.126679156,31.125638045,31.441292614,0.251421960,0.0101,0.0053,0.0053,0.0000,0.0052,0.0053,0.8111,0.8053,0.8171,yes,0.8111,1.0000,1.0000,68848721,21.7637,6142,3896.8190,49800321796,1097378124,0.0220,48440008866,0.9727,1.0000,723.3297,-march=rv64gcv -mabi=lp64d,16.1.0,ok
cit-Patents,gcv,autovec,scalar_f32,-,f32,1,,10,25.261679950,25.304205239,0.127710819,25.171384538,25.461124167,0.265028536,0.0115,0.0065,0.0065,0.0000,0.0065,0.0065,1.0000,1.0000,1.0000,,1.0000,1.0000,1.0000,68848721,21.7637,6142,3896.8190,40402082080,1890398377,0.0468,38413949304,0.9508,1.0000,586.8240,-march=rv64gcv -mabi=lp64d,16.1.0,ok
cit-Patents,gcv,baseline,scalar_f32,-fno-tree-vectorize -fno-tree-slp-vectorize,f32,1,,10,25.248411020,25.312876451,0.103431458,25.241127405,25.481295234,0.221498091,0.0095,0.0065,0.0065,0.0000,0.0064,0.0065,1.0005,0.9918,1.0080,no,1.0005,1.0000,1.0000,68848721,21.7637,6142,3896.8190,40381183580,1890134210,0.0468,38509053711,0.9536,1.0000,586.5205,-march=rv64gcv -mabi=lp64d,16.1.0,ok
cit-Patents,gcv,omp,scalar_omp_f32,-fopenmp,f32,1,,10,26.364619895,26.448583862,0.135042484,26.350365212,26.659093851,0.292608959,0.0117,0.0062,0.0062,0.0000,0.0062,0.0062,0.9582,0.9477,0.9653,yes,0.9582,1.0000,1.0000,68848721,21.7637,6142,3896.8190,42153380944,1894940092,0.0450,40237916764,0.9546,1.0000,612.2609,-march=rv64gcv -mabi=lp64d,16.1.0,ok
cit-Patents,gcv,omp,scalar_omp_f32,-fopenmp,f32,2,,10,26.195446007,26.271813961,0.122094451,26.186100557,26.485431789,0.217992920,0.0114,0.0063,0.0063,0.0000,0.0062,0.0063,0.9644,0.9561,0.9715,yes,0.9644,1.0065,0.5032,68848721,21.7637,6142,3896.8190,707025934,49159503,0.0695,654934965,0.9263,1.0000,10.2693,-march=rv64gcv -mabi=lp64d,16.1.0,ok
cit-Patents,gcv,omp,scalar_omp_f32,-fopenmp,f32,4,,10,26.584625657,26.586500376,0.009401166,26.578990884,26.613648309,0.005723748,0.0013,0.0062,0.0062,0.0000,0.0062,0.0062,0.9502,0.9472,0.9573,yes,0.9502,0.9917,0.2479,68848721,21.7637,6142,3896.8190,33480471,21323852,0.6369,20109671,0.6006,1.0000,0.4863,-march=rv64gcv -mabi=lp64d,16.1.0,ok
cit-Patents,gcv,omp,scalar_omp_f32,-fopenmp,f32,8,,10,27.013374340,27.086298345,0.123663983,26.989784077,27.333650072,0.234692735,0.0127,0.0061,0.0061,0.0000,0.0060,0.0061,0.9352,0.9274,0.9422,yes,0.9352,0.9760,0.1220,68848721,21.7637,6142,3896.8190,41904347,26541260,0.6334,26568910,0.6340,1.0000,0.6086,-march=rv64gcv -mabi=lp64d,16.1.0,ok
cop20k_A,gcv,intrinsic,rvv_f32_m1,-,f32,1,1,10,1.523550349,1.523239766,0.001188357,1.521046955,1.524873455,0.000935442,0.0025,0.1049,0.1049,0.0001,0.1048,0.1050,0.9845,0.9837,0.9854,yes,0.9845,1.0000,1.0000,18705069,659.1473,2489,184504.0205,2436892914,355969207,0.1461,2172502580,0.8915,1.0000,130.2798,-march=rv64gcv -mabi=lp64d,16.1.0,FAIL
cop20k_A,gcv,intrinsic,rvv_f32_m2,-,f32,1,2,10,1.506828215,1.506543878,0.001478041,1.504263815,1.509139825,0.002391903,0.0032,0.1060,0.1060,0.0001,0.1059,0.1062,0.9954,0.9945,0.9969,yes,0.9954,1.0000,1.0000,18705069,659.1473,2489,184504.0205,2410325480,295552978,0.1226,2184243334,0.9062,1.0000,128.8595,-march=rv64gcv -mabi=lp64d,16.1.0,FAIL
cop20k_A,gcv,intrinsic,rvv_f32_m4,-,f32,1,4,10,1.502872959,1.502488034,0.001891167,1.500048377,1.505603067,0.003687050,0.0037,0.1063,0.1063,0.0001,0.1061,0.1065,0.9980,0.9968,1.0000,yes,0.9980,1.0000,1.0000,18705069,659.1473,2489,184504.0205,2404074007,255367828,0.1062,2210599727,0.9195,1.0000,128.5253,-march=rv64gcv -mabi=lp64d,16.1.0,FAIL
cop20k_A,gcv,autovec,scalar_f32,-,f32,1,,10,1.499935350,1.499834249,0.001076744,1.497857044,1.501324656,0.002085854,0.0023,0.1065,0.1065,0.0001,0.1064,0.1067,1.0000,1.0000,1.0000,,1.0000,1.0000,1.0000,18705069,659.1473,2489,184504.0205,2399174886,1098402803,0.4578,1614262958,0.6728,1.0000,128.2634,-march=rv64gcv -mabi=lp64d,16.1.0,ok
cop20k_A,gcv,baseline,scalar_f32,-fno-tree-vectorize -fno-tree-slp-vectorize,f32,1,,10,1.501323124,1.501191848,0.002569337,1.496032760,1.505503062,0.001553192,0.0063,0.1064,0.1064,0.0002,0.1061,0.1068,0.9991,0.9979,1.0000,yes,0.9991,1.0000,1.0000,18705069,659.1473,2489,184504.0205,2401081803,1098428114,0.4575,1614379018,0.6724,1.0000,128.3653,-march=rv64gcv -mabi=lp64d,16.1.0,ok
cop20k_A,gcv,omp,scalar_omp_f32,-fopenmp,f32,1,,10,1.554022981,1.555213221,0.004509160,1.550756969,1.567888982,0.002228716,0.0110,0.1028,0.1027,0.0003,0.1019,0.1030,0.9652,0.9639,0.9661,yes,0.9652,1.0000,1.0000,18705069,659.1473,2489,184504.0205,2485808524,1098439521,0.4419,1698479024,0.6833,1.0000,132.8949,-march=rv64gcv -mabi=lp64d,16.1.0,ok
cop20k_A,gcv,omp,scalar_omp_f32,-fopenmp,f32,2,,10,1.594742389,1.599672290,0.015508170,1.592518782,1.646073923,0.001688629,0.0336,0.1002,0.0999,0.0009,0.0971,0.1003,0.9406,0.9396,0.9414,yes,0.9406,0.9745,0.4872,18705069,659.1473,2489,184504.0205,1342776570,551044216,0.4104,929397310,0.6921,1.0000,71.7868,-march=rv64gcv -mabi=lp64d,16.1.0,ok
cop20k_A,gcv,omp,scalar_omp_f32,-fopenmp,f32,4,,10,1.582302706,1.592737174,0.031279896,1.579195975,1.686348189,0.001535435,0.0677,0.1010,0.1003,0.0019,0.0947,0.1012,0.9479,0.9464,0.9487,yes,0.9479,0.9821,0.2455,18705069,659.1473,2489,184504.0205,1054686896,380008316,0.3603,769534588,0.7296,1.0000,56.3851,-march=rv64gcv -mabi=lp64d,16.1.0,ok
cop20k_A,gcv,omp,scalar_omp_f32,-fopenmp,f32,8,,10,1.583807263,1.596492372,0.038677455,1.581459581,1.712488022,0.001337190,0.0827,0.1009,0.1001,0.0023,0.0933,0.1010,0.9470,0.9462,0.9476,yes,0.9470,0.9812,0.1226,18705069,659.1473,2489,184504.0205,687335440,263317534,0.3831,491777812,0.7155,1.0000,36.7459,-march=rv64gcv -mabi=lp64d,16.1.0,ok
email-Enron,gcv,intrinsic,rvv_f32_m1,-,f32,1,1,10,1.031697749,1.041223416,0.029961986,1.028657699,1.130976864,0.003774487,0.0992,0.0998,0.0990,0.0026,0.0911,0.1001,0.9640,0.9607,0.9663,yes,0.9640,1.0000,1.0000,30492154,1403.6152,92662,13703573.1246,1650212462,375253044,0.2274,1401216798,0.8491,1.0000,54.1192,-march=rv64gcv -mabi=lp64d,16.1.0,ok
email-Enron,gcv,intrinsic,rvv_f32_m2,-,f32,1,2,10,1.001087379,1.001363305,0.002357459,0.998019372,1.005662382,0.003166523,0.0076,0.1029,0.1029,0.0002,0.1024,0.1032,0.9935,0.9901,0.9956,yes,0.9935,1.0000,1.0000,30492154,1403.6152,92662,13703573.1246,1601328832,330369932,0.2063,1382073917,0.8631,1.0000,52.5161,-march=rv64gcv -mabi=lp64d,16.1.0,ok
email-Enron,gcv,intrinsic,rvv_f32_m4,-,f32,1,4,10,0.988969901,0.992841137,0.013132770,0.985021384,1.031719062,0.003755320,0.0472,0.1041,0.1038,0.0013,0.0998,0.1046,1.0057,1.0018,1.0078,yes,1.0057,1.0000,1.0000,30492154,1403.6152,92662,13703573.1246,1581850606,308160166,0.1948,1379065053,0.8718,1.0000,51.8773,-march=rv64gcv -mabi=lp64d,16.1.0,ok
email-Enron,gcv,autovec,scalar_f32,-,f32,1,,10,0.994564512,0.994010411,0.001751533,0.991689035,0.996048153,0.003610287,0.0044,0.1036,0.1036,0.0002,0.1034,0.1039,1.0000,1.0000,1.0000,,1.0000,1.0000,1.0000,30492154,1403.6152,92662,13703573.1246,1590930792,850965370,0.5349,1003285312,0.6306,1.0000,52.1751,-march=rv64gcv -mabi=lp64d,16.1.0,ok
email-Enron,gcv,baseline,scalar_f32,-fno-tree-vectorize -fno-tree-slp-vectorize,f32,1,,10,0.993618587,0.998384338,0.016316852,0.990843835,1.047143073,0.003266476,0.0567,0.1037,0.1032,0.0016,0.0984,0.1040,1.0010,0.9979,1.0038,no,1.0010,1.0000,1.0000,30492154,1403.6152,92662,13703573.1246,1589353378,850494444,0.5351,1002875873,0.6310,1.0000,52.1234,-march=rv64gcv -mabi=lp64d,16.1.0,ok
email-Enron,gcv,omp,scalar_omp_f32,-fopenmp,f32,1,,10,1.062443363,1.063900128,0.004780508,1.060264303,1.077415423,0.003275725,0.0161,0.0970,0.0968,0.0004,0.0956,0.0971,0.9361,0.9324,0.9383,yes,0.9361,1.0000,1.0000,30492154,1403.6152,92662,13703573.1246,1699257526,850594268,0.5006,1118734634,0.6584,1.0000,55.7277,-march=rv64gcv -mabi=lp64d,16.1.0,ok
email-Enron,gcv,omp,scalar_omp_f32,-fopenmp,f32,2,,10,1.087718547,1.089600625,0.007467843,1.084945731,1.111507715,0.003093609,0.0244,0.0947,0.0945,0.0006,0.0927,0.0949,0.9144,0.9114,0.9167,yes,0.9144,0.9768,0.4884,30492154,1403.6152,92662,13703573.1246,1541205818,734280844,0.4764,1034454218,0.6712,1.0000,50.5443,-march=rv64gcv -mabi=lp64d,16.1.0,ok
email-Enron,gcv,omp,scalar_omp_f32,-fopenmp,f32,4,,10,1.088823866,1.094204013,0.017009767,1.086443769,1.144982751,0.003806584,0.0538,0.0946,0.0942,0.0014,0.0900,0.0948,0.9134,0.9100,0.9157,yes,0.9134,0.9758,0.2439,30492154,1403.6152,92662,13703573.1246,1222739888,572534252,0.4682,824112267,0.6740,1.0000,40.1001,-march=rv64gcv -mabi=lp64d,16.1.0,ok
email-Enron,gcv,omp,scalar_omp_f32,-fopenmp,f32,8,,10,1.098442147,1.098001944,0.001601240,1.095424741,1.100175212,0.002906581,0.0043,0.0938,0.0938,0.0001,0.0936,0.0940,0.9054,0.9026,0.9077,yes,0.9054,0.9672,0.1209,30492154,1403.6152,92662,13703573.1246,906450846,416611454,0.4596,614661916,0.6781,1.0000,29.7273,-march=rv64gcv -mabi=lp64d,16.1.0,ok
filter3D,gcv,intrinsic,rvv_f32_m1,-,f32,1,1,10,1.484351793,1.483984297,0.001676319,1.480601241,1.485713108,0.001787811,0.0034,0.1158,0.1158,0.0001,0.1157,0.1161,0.9576,0.9569,0.9587,yes,0.9576,1.0000,1.0000,20161619,807.5874,3340,165227.7352,2374146267,388919818,0.1638,2083498596,0.8776,1.0000,117.7557,-march=rv64gcv -mabi=lp64d,16.1.0,ok
filter3D,gcv,intrinsic,rvv_f32_m2,-,f32,1,2,10,1.445482028,1.459990868,0.043688150,1.444539103,1.591042551,0.001249137,0.1014,0.1189,0.1178,0.0033,0.1081,0.1190,0.9834,0.9828,0.9838,yes,0.9834,1.0000,1.0000,20161619,807.5874,3340,165227.7352,2312110696,315650140,0.1365,2075181827,0.8975,1.0000,114.6788,-march=rv64gcv -mabi=lp64d,16.1.0,ok
filter3D,gcv,intrinsic,rvv_f32_m4,-,f32,1,4,10,1.421122740,1.420474962,0.001693394,1.416320167,1.421669771,0.000552427,0.0038,0.1210,0.1210,0.0001,0.1209,0.1214,1.0002,0.9999,1.0013,no,1.0002,1.0000,1.0000,20161619,807.5874,3340,165227.7352,2273180377,272896659,0.1201,2070329991,0.9108,1.0000,112.7479,-march=rv64gcv -mabi=lp64d,16.1.0,ok
filter3D,gcv,autovec,scalar_f32,-,f32,1,,10,1.421433243,1.429502362,0.024372638,1.420811488,1.502614814,0.000467347,0.0575,0.1209,0.1203,0.0020,0.1144,0.1210,1.0000,1.0000,1.0000,,1.0000,1.0000,1.0000,20161619,807.5874,3340,165227.7352,2273483469,1179542345,0.5188,1423013636,0.6259,1.0000,112.7629,-march=rv64gcv -mabi=lp64d,16.1.0,ok
filter3D,gcv,baseline,scalar_f32,-fno-tree-vectorize -fno-tree-slp-vectorize,f32,1,,10,1.427667715,1.427934004,0.001167729,1.426639527,1.430636000,0.001558117,0.0028,0.1204,0.1204,0.0001,0.1202,0.1205,0.9956,0.9949,0.9962,yes,0.9956,1.0000,1.0000,20161619,807.5874,3340,165227.7352,2283372090,1179555656,0.5166,1433926611,0.6280,1.0000,113.2534,-march=rv64gcv -mabi=lp64d,16.1.0,ok
filter3D,gcv,omp,scalar_omp_f32,-fopenmp,f32,1,,10,1.472258304,1.475885670,0.011109810,1.470917257,1.509132433,0.001681277,0.0260,0.1168,0.1165,0.0009,0.1139,0.1169,0.9655,0.9648,0.9660,yes,0.9655,1.0000,1.0000,20161619,807.5874,3340,165227.7352,2354639380,1179701143,0.5010,1506833762,0.6399,1.0000,116.7882,-march=rv64gcv -mabi=lp64d,16.1.0,ok
filter3D,gcv,omp,scalar_omp_f32,-fopenmp,f32,2,,10,1.547850102,1.547793130,0.001961163,1.544130508,1.551765768,0.001144560,0.0049,0.1111,0.1111,0.0001,0.1108,0.1113,0.9183,0.9178,0.9191,yes,0.9183,0.9512,0.4756,20161619,807.5874,3340,165227.7352,1224555386,592687064,0.4840,782443610,0.6390,1.0000,60.7370,-march=rv64gcv -mabi=lp64d,16.1.0,ok
filter3D,gcv,omp,scalar_omp_f32,-fopenmp,f32,4,,10,1.548145104,1.547910713,0.001096069,1.545408012,1.549062841,0.001780981,0.0024,0.1111,0.1111,0.0001,0.1110,0.1112,0.9182,0.9177,0.9188,yes,0.9182,0.9510,0.2377,20161619,807.5874,3340,165227.7352,692618364,317165554,0.4579,454180870,0.6557,1.0000,34.3533,-march=rv64gcv -mabi=lp64d,16.1.0,ok
filter3D,gcv,omp,scalar_omp_f32,-fopenmp,f32,8,,10,1.550677455,1.561038148,0.029127899,1.550190401,1.648315478,0.003310389,0.0633,0.1109,0.1102,0.0020,0.1043,0.1109,0.9167,0.9148,0.9169,yes,0.9167,0.9494,0.1187,20161619,807.5874,3340,165227.7352,331567404,160407964,0.4838,211835892,0.6389,1.0000,16.4455,-march=rv64gcv -mabi=lp64d,16.1.0,ok
m133-b3,gcv,intrinsic,rvv_f32_m1,-,f32,1,1,10,0.284529605,0.285569402,0.002639236,0.283902266,0.293167599,0.001660654,0.0326,0.0225,0.0224,0.0002,0.0219,0.0226,0.8479,0.8434,0.8495,yes,0.8479,1.0000,1.0000,3182751,16.0000,16,0.0000,455031596,55688146,0.1224,414193998,0.9103,1.0000,142.9680,-march=rv64gcv -mabi=lp64d,16.1.0,ok
m133-b3,gcv,intrinsic,rvv_f32_m2,-,f32,1,2,10,0.303039664,0.308244929,0.008100843,0.302067950,0.321088251,0.017496475,0.0628,0.0211,0.0208,0.0005,0.0200,0.0212,0.7961,0.7533,0.7978,yes,0.7961,1.0000,1.0000,3182751,16.0000,16,0.0000,484586716,55725950,0.1150,443190496,0.9146,1.0000,152.2540,-march=rv64gcv -mabi=lp64d,16.1.0,ok
m133-b3,gcv,intrinsic,rvv_f32_m4,-,f32,1,4,10,0.328080301,0.328195335,0.000647657,0.327485709,0.329953524,0.000475181,0.0075,0.0195,0.0195,0.0001,0.0194,0.0196,0.7354,0.7345,0.7365,yes,0.7354,1.0000,1.0000,3182751,16.0000,16,0.0000,524644656,55749379,0.1063,483336222,0.9213,1.0000,164.8400,-march=rv64gcv -mabi=lp64d,16.1.0,ok
m133-b3,gcv,autovec,scalar_f32,-,f32,1,,10,0.241255933,0.241315422,0.000272721,0.240914328,0.241742280,0.000529094,0.0034,0.0265,0.0265,0.0000,0.0265,0.0266,1.0000,1.0000,1.0000,,1.0000,1.0000,1.0000,3182751,16.0000,16,0.0000,385979596,83631489,0.2167,328356005,0.8507,1.0000,121.2723,-march=rv64gcv -mabi=lp64d,16.1.0,ok
m133-b3,gcv,baseline,scalar_f32,-fno-tree-vectorize -fno-tree-slp-vectorize,f32,1,,10,0.240999136,0.241338066,0.000764901,0.240626179,0.243233442,0.000859575,0.0108,0.0266,0.0265,0.0001,0.0263,0.0266,1.0011,0.9981,1.0028,no,1.0011,1.0000,1.0000,3182751,16.0000,16,0.0000,385488036,83650502,0.2170,328161680,0.8513,1.0000,121.1179,-march=rv64gcv -mabi=lp64d,16.1.0,ok
m133-b3,gcv,omp,scalar_omp_f32,-fopenmp,f32,1,,10,0.250072291,0.250391348,0.000782846,0.249895677,0.252637975,0.000514845,0.0110,0.0256,0.0256,0.0001,0.0254,0.0256,0.9647,0.9629,0.9662,yes,0.9647,1.0000,1.0000,3182751,16.0000,16,0.0000,400036340,83636338,0.2091,341517473,0.8537,1.0000,125.6889,-march=rv64gcv -mabi=lp64d,16.1.0,ok
m133-b3,gcv,omp,scalar_omp_f32,-fopenmp,f32,2,,10,0.263656453,0.263768101,0.000501438,0.263187356,0.265109869,0.000373103,0.0073,0.0243,0.0243,0.0000,0.0242,0.0243,0.9150,0.9139,0.9165,yes,0.9150,0.9485,0.4742,3182751,16.0000,16,0.0000,205791049,42427500,0.2062,173258093,0.8419,1.0000,64.6582,-march=rv64gcv -mabi=lp64d,16.1.0,ok
m133-b3,gcv,omp,scalar_omp_f32,-fopenmp,f32,4,,10,0.263066364,0.263577704,0.001115543,0.262705675,0.266190014,0.000289650,0.0132,0.0244,0.0243,0.0001,0.0241,0.0244,0.9171,0.9132,0.9184,yes,0.9171,0.9506,0.2377,3182751,16.0000,16,0.0000,99376984,21703560,0.2184,82653936,0.8317,1.0000,31.2236,-march=rv64gcv -mabi=lp64d,16.1.0,ok
m133-b3,gcv,omp,scalar_omp_f32,-fopenmp,f32,8,,10,0.263763780,0.264337230,0.001308310,0.263384469,0.266939302,0.000531093,0.0135,0.0243,0.0242,0.0001,0.0240,0.0243,0.9147,0.9092,0.9161,yes,0.9147,0.9481,0.1185,3182751,16.0000,16,0.0000,48289394,11728792,0.2429,39291226,0.8137,1.0000,15.1722,-march=rv64gcv -mabi=lp64d,16.1.0,ok
mario002,gcv,intrinsic,rvv_f32_m1,-,f32,1,1,10,0.677369250,0.677747787,0.001353509,0.675899620,0.680322808,0.001301701,0.0065,0.0379,0.0379,0.0001,0.0377,0.0380,0.9529,0.9516,0.9572,yes,0.9529,1.0000,1.0000,6449598,32.9064,41,96.6803,1083195459,124984170,0.1154,990373551,0.9143,1.0000,167.9477,-march=rv64gcv -mabi=lp64d,16.1.0,ok
mario002,gcv,intrinsic,rvv_f32_m2,-,f32,1,2,10,0.724777126,0.737302243,0.021449337,0.722824004,0.786692980,0.034289996,0.0881,0.0354,0.0348,0.0010,0.0326,0.0355,0.8906,0.8524,0.8957,yes,0.8906,1.0000,1.0000,6449598,32.9064,41,96.6803,1159172804,125586054,0.1083,1062921535,0.9170,1.0000,179.7279,-march=rv64gcv -mabi=lp64d,16.1.0,ok
mario002,gcv,intrinsic,rvv_f32_m4,-,f32,1,4,10,0.792947291,0.792965300,0.001656093,0.790872397,0.794891573,0.003563895,0.0051,0.0324,0.0324,0.0000,0.0323,0.0324,0.8140,0.8120,0.8183,yes,0.8140,1.0000,1.0000,6449598,32.9064,41,96.6803,1268192636,125728932,0.0991,1170178989,0.9227,1.0000,196.6313,-march=rv64gcv -mabi=lp64d,16.1.0,ok
mario002,gcv,autovec,scalar_f32,-,f32,1,,10,0.645491444,0.646413551,0.001521600,0.644991301,0.648906210,0.003194861,0.0061,0.0398,0.0397,0.0001,0.0395,0.0398,1.0000,1.0000,1.0000,,1.0000,1.0000,1.0000,6449598,32.9064,41,96.6803,1032358367,247164683,0.2394,859642432,0.8327,1.0000,160.0655,-march=rv64gcv -mabi=lp64d,16.1.0,ok
mario002,gcv,baseline,scalar_f32,-fno-tree-vectorize -fno-tree-slp-vectorize,f32,1,,10,0.645075078,0.645989914,0.001606260,0.644550960,0.648544412,0.003444156,0.0062,0.0398,0.0397,0.0001,0.0396,0.0398,1.0006,0.9956,1.0051,no,1.0006,1.0000,1.0000,6449598,32.9064,41,96.6803,1031615602,247126121,0.2396,859537875,0.8332,1.0000,159.9504,-march=rv64gcv -mabi=lp64d,16.1.0,ok
mario002,gcv,omp,scalar_omp_f32,-fopenmp,f32,1,,10,0.663530375,0.663737366,0.001365634,0.662121370,0.666071613,0.002340458,0.0060,0.0387,0.0387,0.0001,0.0385,0.0388,0.9728,0.9708,0.9775,yes,0.9728,1.0000,1.0000,6449598,32.9064,41,96.6803,1060978172,247216047,0.2330,886269700,0.8353,1.0000,164.5030,-march=rv64gcv -mabi=lp64d,16.1.0,ok
mario002,gcv,omp,scalar_omp_f32,-fopenmp,f32,2,,10,0.687607155,0.687731418,0.001545611,0.685867029,0.689747739,0.002841198,0.0056,0.0374,0.0373,0.0001,0.0372,0.0374,0.9388,0.9364,0.9437,yes,0.9388,0.9650,0.4825,6449598,32.9064,41,96.6803,617652090,151585344,0.2454,504045126,0.8161,1.0000,95.7660,-march=rv64gcv -mabi=lp64d,16.1.0,ok
mario002,gcv,omp,scalar_omp_f32,-fopenmp,f32,4,,10,0.686184356,0.686450882,0.001057585,0.685215340,0.688409898,0.001061580,0.0047,0.0374,0.0374,0.0000,0.0373,0.0374,0.9407,0.9394,0.9449,yes,0.9407,0.9670,0.2417,6449598,32.9064,41,96.6803,329846196,76492440,0.2319,271990754,0.8246,1.0000,51.1421,-march=rv64gcv -mabi=lp64d,16.1.0,ok
mario002,gcv,omp,scalar_omp_f32,-fopenmp,f32,8,,10,0.686273904,0.686996041,0.001751974,0.685025438,0.690154980,0.002906469,0.0075,0.0374,0.0374,0.0001,0.0372,0.0375,0.9406,0.9372,0.9448,yes,0.9406,0.9669,0.1209,6449598,32.9064,41,96.6803,191165394,39819164,0.2083,160503965,0.8396,1.0000,29.6399,-march=rv64gcv -mabi=lp64d,16.1.0,ok
offshore,gcv,intrinsic,rvv_f32_m1,-,f32,1,1,10,2.214062868,2.213917193,0.000921601,2.212336386,2.215409541,0.000612464,0.0014,0.0644,0.0644,0.0000,0.0644,0.0645,0.9501,0.9496,0.9510,yes,0.9501,1.0000,1.0000,23356245,274.6172,562,2479.8377,3540630212,416297618,0.1176,3218826586,0.9091,1.0000,151.5924,-march=rv64gcv -mabi=lp64d,16.1.0,FAIL
offshore,gcv,intrinsic,rvv_f32_m2,-,f32,1,2,10,2.191005860,2.192503972,0.004466370,2.188418115,2.202712652,0.004492945,0.0065,0.0651,0.0651,0.0001,0.0648,0.0652,0.9601,0.9583,0.9613,yes,0.9601,1.0000,1.0000,23356245,274.6172,562,2479.8377,3503701202,356463065,0.1017,3219256702,0.9188,1.0000,150.0113,-march=rv64gcv -mabi=lp64d,16.1.0,FAIL
offshore,gcv,intrinsic,rvv_f32_m4,-,f32,1,4,10,2.312083232,2.312425326,0.001918738,2.310013897,2.315755312,0.003989646,0.0025,0.0617,0.0617,0.0001,0.0616,0.0618,0.9099,0.9088,0.9108,yes,0.9099,1.0000,1.0000,23356245,274.6172,562,2479.8377,3697713016,333000783,0.0901,3442909842,0.9311,1.0000,158.3180,-march=rv64gcv -mabi=lp64d,16.1.0,FAIL
offshore,gcv,autovec,scalar_f32,-,f32,1,,10,2.103658690,2.115248601,0.034473925,2.102312548,2.218606654,0.002253459,0.0553,0.0678,0.0675,0.0011,0.0643,0.0679,1.0000,1.0000,1.0000,,1.0000,1.0000,1.0000,23356245,274.6172,562,2479.8377,3364594526,1079198362,0.3208,2573746252,0.7649,1.0000,144.0555,-march=rv64gcv -mabi=lp64d,16.1.0,ok
offshore,gcv,baseline,scalar_f32,-fno-tree-vectorize -fno-tree-slp-vectorize,f32,1,,10,2.104661393,2.105809869,0.002938193,2.103213170,2.113364778,0.003216076,0.0048,0.0678,0.0677,0.0001,0.0675,0.0678,0.9995,0.9982,1.0005,no,0.9995,1.0000,1.0000,23356245,274.6172,562,2479.8377,3366137043,1079106442,0.3206,2575770760,0.7652,1.0000,144.1215,-march=rv64gcv -mabi=lp64d,16.1.0,ok
offshore,gcv,omp,scalar_omp_f32,-fopenmp,f32,1,,10,2.092977207,2.101699633,0.025997752,2.091100098,2.179580323,0.002457233,0.0423,0.0682,0.0679,0.0008,0.0655,0.0682,1.0051,1.0041,1.0060,yes,1.0051,1.0000,1.0000,23356245,274.6172,562,2479.8377,3347676293,1079125690,0.3224,2562286633,0.7654,1.0000,143.3311,-march=rv64gcv -mabi=lp64d,16.1.0,ok
offshore,gcv,omp,scalar_omp_f32,-fopenmp,f32,2,,10,2.295908290,2.307760009,0.038796897,2.288573573,2.423845056,0.004353814,0.0589,0.0621,0.0618,0.0010,0.0589,0.0623,0.9163,0.9155,0.9176,yes,0.9163,0.9116,0.4558,23356245,274.6172,562,2479.8377,1851761144,541531640,0.2924,1431261746,0.7729,1.0000,79.2833,-march=rv64gcv -mabi=lp64d,16.1.0,ok
offshore,gcv,omp,scalar_omp_f32,-fopenmp,f32,4,,10,2.291062016,2.308694724,0.053665022,2.287912533,2.469550712,0.005057916,0.0793,0.0623,0.0619,0.0014,0.0578,0.0624,0.9182,0.9170,0.9194,yes,0.9182,0.9135,0.2284,23356245,274.6172,562,2479.8377,789067044,270245408,0.3425,581522844,0.7370,1.0000,33.7840,-march=rv64gcv -mabi=lp64d,16.1.0,ok
offshore,gcv,omp,scalar_omp_f32,-fopenmp,f32,8,,10,2.295452102,2.295317383,0.001326391,2.293357112,2.297433141,0.002475413,0.0018,0.0622,0.0622,0.0000,0.0621,0.0622,0.9164,0.9159,0.9174,yes,0.9164,0.9118,0.1140,23356245,274.6172,562,2479.8377,357311108,136216629,0.3812,253260682,0.7088,1.0000,15.2983,-march=rv64gcv -mabi=lp64d,16.1.0,ok
p2p-Gnutella31,gcv,intrinsic,rvv_f32_m1,-,f32,1,1,10,0.070932588,0.070831841,0.000334052,0.070271309,0.071244878,0.000504050,0.0137,0.0152,0.0152,0.0001,0.0151,0.0153,0.8745,0.8713,0.8814,yes,0.8745,1.0000,1.0000,537601,8.6013,325,364.5103,113380676,9053202,0.0798,105236086,0.9282,1.0000,210.9012,-march=rv64gcv -mabi=lp64d,16.1.0,ok
p2p-Gnutella31,gcv,intrinsic,rvv_f32_m2,-,f32,1,2,10,0.070381191,0.070593750,0.001058457,0.069626017,0.073670653,0.000385696,0.0575,0.0153,0.0153,0.0002,0.0146,0.0155,0.8814,0.8788,0.8878,yes,0.8814,1.0000,1.0000,537601,8.6013,325,364.5103,112627959,8332196,0.0740,105218826,0.9342,1.0000,209.5010,-march=rv64gcv -mabi=lp64d,16.1.0,ok
p2p-Gnutella31,gcv,intrinsic,rvv_f32_m4,-,f32,1,4,10,0.073208271,0.073273776,0.000417221,0.072633915,0.074118933,0.000249024,0.0203,0.0147,0.0147,0.0001,0.0145,0.0148,0.8473,0.8437,0.8534,yes,0.8473,1.0000,1.0000,537601,8.6013,325,364.5103,117118244,8333414,0.0712,109732900,0.9369,1.0000,217.8535,-march=rv64gcv -mabi=lp64d,16.1.0,ok
p2p-Gnutella31,gcv,autovec,scalar_f32,-,f32,1,,10,0.062032275,0.062415535,0.001059764,0.061662528,0.065431384,0.000266635,0.0608,0.0174,0.0173,0.0003,0.0165,0.0175,1.0000,1.0000,1.0000,,1.0000,1.0000,1.0000,537601,8.6013,325,364.5103,99240500,13709770,0.1381,88055631,0.8873,1.0000,184.5988,-march=rv64gcv -mabi=lp64d,16.1.0,ok
p2p-Gnutella31,gcv,baseline,scalar_f32,-fno-tree-vectorize -fno-tree-slp-vectorize,f32,1,,10,0.062021489,0.062160633,0.000524261,0.061361887,0.063152708,0.000817229,0.0289,0.0173,0.0173,0.0001,0.0170,0.0175,1.0002,0.9892,1.0064,no,1.0002,1.0000,1.0000,537601,8.6013,325,364.5103,99125788,13724808,0.1385,87767284,0.8854,1.0000,184.3854,-march=rv64gcv -mabi=lp64d,16.1.0,ok
p2p-Gnutella31,gcv,omp,scalar_omp_f32,-fopenmp,f32,1,,10,0.062248429,0.062684597,0.000903740,0.062042822,0.065150845,0.000652657,0.0499,0.0173,0.0172,0.0002,0.0165,0.0174,0.9965,0.9854,0.9999,yes,0.9965,1.0000,1.0000,537601,8.6013,325,364.5103,99621702,13704978,0.1376,88665438,0.8900,1.0000,185.3079,-march=rv64gcv -mabi=lp64d,16.1.0,ok
p2p-Gnutella31,gcv,omp,scalar_omp_f32,-fopenmp,f32,2,,10,0.068329320,0.068256260,0.000518318,0.067285979,0.069002881,0.000317870,0.0251,0.0158,0.0158,0.0001,0.0156,0.0160,0.9078,0.9039,0.9160,yes,0.9078,0.9110,0.4555,537601,8.6013,325,364.5103,42626258,6217636,0.1459,36967296,0.8672,1.0000,79.2898,-march=rv64gcv -mabi=lp64d,16.1.0,ok
p2p-Gnutella31,gcv,omp,scalar_omp_f32,-fopenmp,f32,4,,10,0.069994102,0.070499382,0.001440037,0.069138214,0.073854914,0.000567116,0.0674,0.0154,0.0153,0.0003,0.0146,0.0156,0.8863,0.8692,0.8927,yes,0.8863,0.8893,0.2223,537601,8.6013,325,364.5103,19133854,3289662,0.1719,16136750,0.8434,1.0000,35.5912,-march=rv64gcv -mabi=lp64d,16.1.0,ok
p2p-Gnutella31,gcv,omp,scalar_omp_f32,-fopenmp,f32,8,,10,0.070259312,0.070437990,0.000950267,0.069225810,0.072793839,0.000873823,0.0508,0.0153,0.0153,0.0002,0.0148,0.0156,0.8829,0.8760,0.8907,yes,0.8829,0.8860,0.1107,537601,8.6013,325,364.5103,10884218,2171572,0.1995,8748880,0.8038,1.0000,20.2459,-march=rv64gcv -mabi=lp64d,16.1.0,ok
patents_main,gcv,intrinsic,rvv_f32_m1,-,f32,1,1,10,0.471985896,0.472112288,0.001064896,0.470754634,0.474650032,0.001300298,0.0083,0.0110,0.0110,0.0000,0.0110,0.0111,0.8470,0.8441,0.8520,yes,0.8470,1.0000,1.0000,2281308,10.8286,1226,445.2848,754959999,41885628,0.0555,717070303,0.9498,1.0000,330.9330,-march=rv64gcv -mabi=lp64d,16.1.0,ok
patents_main,gcv,intrinsic,rvv_f32_m2,-,f32,1,2,10,0.494299254,0.500368373,0.010167106,0.492220543,0.519930209,0.020159860,0.0561,0.0105,0.0104,0.0002,0.0100,0.0106,0.8087,0.7786,0.8134,yes,0.8087,1.0000,1.0000,2281308,10.8286,1226,445.2848,790855228,40699095,0.0515,753896353,0.9533,1.0000,346.6675,-march=rv64gcv -mabi=lp64d,16.1.0,ok
patents_main,gcv,intrinsic,rvv_f32_m4,-,f32,1,4,10,0.551436985,0.551231505,0.001263611,0.549397770,0.553768848,0.002027088,0.0079,0.0094,0.0094,0.0000,0.0094,0.0095,0.7249,0.7226,0.7293,yes,0.7249,1.0000,1.0000,2281308,10.8286,1226,445.2848,881917204,40577058,0.0460,843780296,0.9568,1.0000,386.5840,-march=rv64gcv -mabi=lp64d,16.1.0,ok
patents_main,gcv,autovec,scalar_f32,-,f32,1,,10,0.399757654,0.399956284,0.001688372,0.397715878,0.402400020,0.003499919,0.0117,0.0130,0.0130,0.0001,0.0129,0.0131,1.0000,1.0000,1.0000,,1.0000,1.0000,1.0000,2281308,10.8286,1226,445.2848,639278192,64607133,0.1011,584547507,0.9144,1.0000,280.2244,-march=rv64gcv -mabi=lp64d,16.1.0,ok
patents_main,gcv,baseline,scalar_f32,-fno-tree-vectorize -fno-tree-slp-vectorize,f32,1,,10,0.399290119,0.399871443,0.001744859,0.397657588,0.402816203,0.003470170,0.0129,0.0130,0.0130,0.0001,0.0129,0.0131,1.0012,0.9941,1.0069,no,1.0012,1.0000,1.0000,2281308,10.8286,1226,445.2848,638691330,64589782,0.1011,583441502,0.9135,1.0000,279.9672,-march=rv64gcv -mabi=lp64d,16.1.0,ok
patents_main,gcv,omp,scalar_omp_f32,-fopenmp,f32,1,,10,0.403530703,0.404069864,0.001665405,0.401846677,0.406609981,0.003046864,0.0118,0.0129,0.0129,0.0001,0.0128,0.0130,0.9906,0.9837,0.9959,yes,0.9906,1.0000,1.0000,2281308,10.8286,1226,445.2848,645500679,64605094,0.1001,591554818,0.9164,1.0000,282.9520,-march=rv64gcv -mabi=lp64d,16.1.0,ok
patents_main,gcv,omp,scalar_omp_f32,-fopenmp,f32,2,,10,0.447658697,0.448273087,0.001957802,0.445908259,0.452726359,0.002294240,0.0152,0.0116,0.0116,0.0001,0.0115,0.0117,0.8930,0.8881,0.8983,yes,0.8930,0.9014,0.4507,2281308,10.8286,1226,445.2848,265532128,25421086,0.0957,240514783,0.9058,1.0000,116.3947,-march=rv64gcv -mabi=lp64d,16.1.0,ok
patents_main,gcv,omp,scalar_omp_f32,-fopenmp,f32,4,,10,0.458605890,0.458677360,0.001302135,0.456834035,0.460877506,0.002204454,0.0088,0.0114,0.0114,0.0000,0.0113,0.0114,0.8717,0.8681,0.8766,yes,0.8717,0.8799,0.2200,2281308,10.8286,1226,445.2848,47636190,5903924,0.1239,41756173,0.8766,1.0000,20.8811,-march=rv64gcv -mabi=lp64d,16.1.0,ok
patents_main,gcv,omp,scalar_omp_f32,-fopenmp,f32,8,,10,0.456819806,0.457665832,0.002140559,0.455355496,0.461426182,0.003793362,0.0133,0.0114,0.0114,0.0000,0.0113,0.0114,0.8751,0.8688,0.8803,yes,0.8751,0.8833,0.1104,2281308,10.8286,1226,445.2848,3054230,1757364,0.5754,1590603,0.5208,1.0000,1.3388,-march=rv64gcv -mabi=lp64d,16.1.0,ok
poisson3Da,gcv,intrinsic,rvv_f32_m1,-,f32,1,1,10,0.417318489,0.420964875,0.011809272,0.414625914,0.455850929,0.004463932,0.0988,0.0564,0.0559,0.0015,0.0516,0.0568,0.9390,0.9339,0.9447,yes,0.9390,1.0000,1.0000,2957530,870.8508,3602,209590.8200,666958280,54683060,0.0820,621766902,0.9322,1.0000,225.5119,-march=rv64gcv -mabi=lp64d,16.1.0,ok
poisson3Da,gcv,intrinsic,rvv_f32_m2,-,f32,1,2,10,0.409566447,0.409856714,0.001012480,0.408963654,0.412578477,0.001036383,0.0088,0.0575,0.0574,0.0002,0.0570,0.0576,0.9568,0.9552,0.9586,yes,0.9568,1.0000,1.0000,2957530,870.8508,3602,209590.8200,654761128,44760808,0.0684,618760305,0.9450,1.0000,221.3878,-march=rv64gcv -mabi=lp64d,16.1.0,ok
poisson3Da,gcv,intrinsic,rvv_f32_m4,-,f32,1,4,10,0.407464448,0.407962926,0.000955787,0.406989210,0.410139259,0.001483474,0.0077,0.0578,0.0577,0.0001,0.0574,0.0578,0.9617,0.9586,0.9635,yes,0.9617,1.0000,1.0000,2957530,870.8508,3602,209590.8200,651858183,38875428,0.0596,620429664,0.9518,1.0000,220.4063,-march=rv64gcv -mabi=lp64d,16.1.0,ok
poisson3Da,gcv,autovec,scalar_f32,-,f32,1,,10,0.391859196,0.392387262,0.001271759,0.391580841,0.395942340,0.000859464,0.0111,0.0601,0.0600,0.0002,0.0594,0.0601,1.0000,1.0000,1.0000,,1.0000,1.0000,1.0000,2957530,870.8508,3602,209590.8200,626747886,163119986,0.2603,506732670,0.8085,1.0000,211.9160,-march=rv64gcv -mabi=lp64d,16.1.0,ok
poisson3Da,gcv,baseline,scalar_f32,-fno-tree-vectorize -fno-tree-slp-vectorize,f32,1,,10,0.393454639,0.393671850,0.001582115,0.391860198,0.396008221,0.003491057,0.0105,0.0599,0.0598,0.0003,0.0594,0.0601,0.9959,0.9910,1.0000,yes,0.9959,1.0000,1.0000,2957530,870.8508,3602,209590.8200,628635906,163235798,0.2597,507191676,0.8068,1.0000,212.5544,-march=rv64gcv -mabi=lp64d,16.1.0,ok
poisson3Da,gcv,omp,scalar_omp_f32,-fopenmp,f32,1,,10,0.402611830,0.403988953,0.001951659,0.401994529,0.407404849,0.003277211,0.0134,0.0585,0.0583,0.0003,0.0578,0.0586,0.9733,0.9652,0.9749,yes,0.9733,1.0000,1.0000,2957530,870.8508,3602,209590.8200,643992450,163151605,0.2533,525253046,0.8156,1.0000,217.7467,-march=rv64gcv -mabi=lp64d,16.1.0,ok
poisson3Da,gcv,omp,scalar_omp_f32,-fopenmp,f32,2,,10,0.424851613,0.425526762,0.001591405,0.424280671,0.429248138,0.001329576,0.0117,0.0554,0.0553,0.0002,0.0548,0.0555,0.9223,0.9186,0.9244,yes,0.9223,0.9477,0.4738,2957530,870.8508,3602,209590.8200,388291696,92991144,0.2395,316620438,0.8154,1.0000,131.2892,-march=rv64gcv -mabi=lp64d,16.1.0,ok
poisson3Da,gcv,omp,scalar_omp_f32,-fopenmp,f32,4,,10,0.419509984,0.420199884,0.001608043,0.418296013,0.422752449,0.003149537,0.0106,0.0561,0.0560,0.0002,0.0557,0.0563,0.9341,0.9278,0.9362,yes,0.9341,0.9597,0.2399,2957530,870.8508,3602,209590.8200,226787580,55518227,0.2448,183620567,0.8097,1.0000,76.6814,-march=rv64gcv -mabi=lp64d,16.1.0,ok
poisson3Da,gcv,omp,scalar_omp_f32,-fopenmp,f32,8,,10,0.419464081,0.419522213,0.000639395,0.418641308,0.420657271,0.000748473,0.0048,0.0561,0.0561,0.0001,0.0560,0.0562,0.9342,0.9329,0.9361,yes,0.9342,0.9598,0.1200,2957530,870.8508,3602,209590.8200,165291546,40580928,0.2455,134011992,0.8108,1.0000,55.8884,-march=rv64gcv -mabi=lp64d,16.1.0,ok
roadNet-CA,gcv,intrinsic,rvv_f32_m1,-,f32,1,1,10,0.800015633,0.804480283,0.011556338,0.797249607,0.837060063,0.003228476,0.0498,0.0439,0.0436,0.0006,0.0419,0.0440,0.8112,0.8052,0.8148,yes,0.8112,1.0000,1.0000,12908450,8.8893,45,14.0999,1279408164,318018247,0.2486,1040880306,0.8136,1.0000,99.1140,-march=rv64gcv -mabi=lp64d,16.1.0,ok
roadNet-CA,gcv,intrinsic,rvv_f32_m2,-,f32,1,2,10,0.894410533,0.894312934,0.001729532,0.892142666,0.897539265,0.003031821,0.0060,0.0392,0.0392,0.0001,0.0390,0.0393,0.7256,0.7237,0.7291,yes,0.7256,1.0000,1.0000,12908450,8.8893,45,14.0999,1430245560,318185208,0.2225,1184270085,0.8280,1.0000,110.7992,-march=rv64gcv -mabi=lp64d,16.1.0,ok
roadNet-CA,gcv,intrinsic,rvv_f32_m4,-,f32,1,4,10,1.063944151,1.063802121,0.001282655,1.061674346,1.065326715,0.002188247,0.0034,0.0330,0.0330,0.0001,0.0329,0.0330,0.6100,0.6084,0.6128,yes,0.6100,1.0000,1.0000,12908450,8.8893,45,14.0999,1701602161,318449508,0.1871,1453744534,0.8543,1.0000,131.8208,-march=rv64gcv -mabi=lp64d,16.1.0,ok
roadNet-CA,gcv,autovec,scalar_f32,-,f32,1,,10,0.648998575,0.649295441,0.002299736,0.645627294,0.652747043,0.003961392,0.0110,0.0540,0.0540,0.0002,0.0537,0.0543,1.0000,1.0000,1.0000,,1.0000,1.0000,1.0000,12908450,8.8893,45,14.0999,1037899470,460213386,0.4434,706304860,0.6805,1.0000,80.4047,-march=rv64gcv -mabi=lp64d,16.1.0,ok
roadNet-CA,gcv,baseline,scalar_f32,-fno-tree-vectorize -fno-tree-slp-vectorize,f32,1,,10,0.649223936,0.649803936,0.001489433,0.647482518,0.651775349,0.002723382,0.0066,0.0539,0.0539,0.0001,0.0538,0.0541,0.9997,0.9954,1.0037,no,0.9997,1.0000,1.0000,12908450,8.8893,45,14.0999,1038112256,460218641,0.4433,707065810,0.6811,1.0000,80.4211,-march=rv64gcv -mabi=lp64d,16.1.0,ok
roadNet-CA,gcv,omp,scalar_omp_f32,-fopenmp,f32,1,,10,0.669319737,0.669348722,0.001160491,0.667460054,0.671319868,0.001650194,0.0058,0.0524,0.0524,0.0001,0.0522,0.0525,0.9696,0.9669,0.9740,yes,0.9696,1.0000,1.0000,12908450,8.8893,45,14.0999,1070445490,460247033,0.4300,733724116,0.6854,1.0000,82.9260,-march=rv64gcv -mabi=lp64d,16.1.0,ok
roadNet-CA,gcv,omp,scalar_omp_f32,-fopenmp,f32,2,,10,0.706019230,0.711411059,0.011642645,0.702849353,0.735618848,0.004292665,0.0464,0.0496,0.0493,0.0008,0.0476,0.0499,0.9192,0.9010,0.9235,yes,0.9192,0.9480,0.4740,12908450,8.8893,45,14.0999,550950884,235783726,0.4280,371903564,0.6750,1.0000,42.6814,-march=rv64gcv -mabi=lp64d,16.1.0,ok
roadNet-CA,gcv,omp,scalar_omp_f32,-fopenmp,f32,4,,10,0.710337914,0.710565634,0.001757197,0.708077172,0.714216729,0.002677176,0.0086,0.0493,0.0493,0.0001,0.0491,0.0495,0.9136,0.9109,0.9177,yes,0.9136,0.9423,0.2356,12908450,8.8893,45,14.0999,287318596,122589508,0.4267,194087374,0.6755,1.0000,22.2582,-march=rv64gcv -mabi=lp64d,16.1.0,ok
roadNet-CA,gcv,omp,scalar_omp_f32,-fopenmp,f32,8,,10,0.714677659,0.715277866,0.001667350,0.713323031,0.718860872,0.002800877,0.0077,0.0490,0.0490,0.0001,0.0488,0.0491,0.9081,0.9049,0.9121,yes,0.9081,0.9365,0.1171,12908450,8.8893,45,14.0999,160385403,68288938,0.4258,110009174,0.6859,1.0000,12.4248,-march=rv64gcv -mabi=lp64d,16.1.0,ok
scircuit,gcv,intrinsic,rvv_f32_m1,-,f32,1,1,10,0.206083450,0.206503368,0.001162209,0.205693591,0.209837673,0.000805293,0.0201,0.0842,0.0840,0.0005,0.0827,0.0844,0.9702,0.9671,0.9735,yes,0.9702,1.0000,1.0000,5222525,50.7393,3368,4753.9209,329652811,84362035,0.2559,269596960,0.8178,1.0000,63.1213,-march=rv64gcv -mabi=lp64d,16.1.0,ok
scircuit,gcv,intrinsic,rvv_f32_m2,-,f32,1,2,10,0.214673043,0.214887648,0.000977004,0.214080688,0.217612164,0.000811908,0.0165,0.0808,0.0807,0.0004,0.0797,0.0811,0.9314,0.9293,0.9352,yes,0.9314,1.0000,1.0000,5222525,50.7393,3368,4753.9209,343202122,79684188,0.2322,286274960,0.8341,1.0000,65.7157,-march=rv64gcv -mabi=lp64d,16.1.0,ok
scircuit,gcv,intrinsic,rvv_f32_m4,-,f32,1,4,10,0.242430354,0.242728728,0.001121893,0.242147600,0.246074624,0.000196029,0.0162,0.0716,0.0715,0.0003,0.0705,0.0717,0.8247,0.8237,0.8275,yes,0.8247,1.0000,1.0000,5222525,50.7393,3368,4753.9209,387815928,77999278,0.2011,332218204,0.8566,1.0000,74.2583,-march=rv64gcv -mabi=lp64d,16.1.0,ok
scircuit,gcv,autovec,scalar_f32,-,f32,1,,10,0.199941917,0.200164774,0.000548779,0.199572463,0.201374395,0.000866138,0.0090,0.0868,0.0867,0.0002,0.0862,0.0869,1.0000,1.0000,1.0000,,1.0000,1.0000,1.0000,5222525,50.7393,3368,4753.9209,319968480,163961482,0.5124,204554819,0.6393,1.0000,61.2670,-march=rv64gcv -mabi=lp64d,16.1.0,ok
scircuit,gcv,baseline,scalar_f32,-fno-tree-vectorize -fno-tree-slp-vectorize,f32,1,,10,0.199869672,0.200439593,0.001236343,0.199524316,0.202908213,0.000774693,0.0169,0.0869,0.0866,0.0005,0.0855,0.0870,1.0004,0.9940,1.0040,no,1.0004,1.0000,1.0000,5222525,50.7393,3368,4753.9209,319721322,163977433,0.5129,204454836,0.6395,1.0000,61.2197,-march=rv64gcv -mabi=lp64d,16.1.0,ok
scircuit,gcv,omp,scalar_omp_f32,-fopenmp,f32,1,,10,0.209812541,0.210096698,0.000907495,0.209336564,0.212690460,0.000529699,0.0160,0.0827,0.0826,0.0003,0.0816,0.0829,0.9530,0.9510,0.9560,yes,0.9530,1.0000,1.0000,5222525,50.7393,3368,4753.9209,335630222,163992892,0.4886,219061897,0.6527,1.0000,64.2659,-march=rv64gcv -mabi=lp64d,16.1.0,ok
scircuit,gcv,omp,scalar_omp_f32,-fopenmp,f32,2,,10,0.217016482,0.217454743,0.001200329,0.216756499,0.220980817,0.000546861,0.0195,0.0800,0.0798,0.0004,0.0785,0.0801,0.9213,0.9191,0.9244,yes,0.9213,0.9668,0.4834,5222525,50.7393,3368,4753.9209,188778703,94308394,0.4996,119613475,0.6336,1.0000,36.1470,-march=rv64gcv -mabi=lp64d,16.1.0,ok
scircuit,gcv,omp,scalar_omp_f32,-fopenmp,f32,4,,10,0.219417569,0.224834615,0.010515954,0.216411551,0.251671732,0.012292626,0.1607,0.0791,0.0773,0.0034,0.0689,0.0802,0.9112,0.8693,0.9220,yes,0.9112,0.9562,0.2391,5222525,50.7393,3368,4753.9209,100597484,51519624,0.5121,61941626,0.6157,1.0000,19.2622,-march=rv64gcv -mabi=lp64d,16.1.0,ok
scircuit,gcv,omp,scalar_omp_f32,-fopenmp,f32,8,,10,0.218017920,0.218587855,0.001351154,0.217659106,0.221376369,0.000423009,0.0171,0.0796,0.0794,0.0005,0.0784,0.0797,0.9171,0.9118,0.9204,yes,0.9171,0.9624,0.1203,5222525,50.7393,3368,4753.9209,48471951,25768807,0.5316,29352741,0.6056,1.0000,9.2813,-march=rv64gcv -mabi=lp64d,16.1.0,ok
web-Google,gcv,intrinsic,rvv_f32_m1,-,f32,1,1,10,11.558745782,11.602825359,0.092084483,11.552149709,11.814058305,0.003787486,0.0227,0.0105,0.0105,0.0001,0.0103,0.0105,0.9156,0.9078,0.9158,yes,0.9156,1.0000,1.0000,29710164,66.2222,4334,11104.3421,18485065764,515101711,0.0279,17879557517,0.9672,1.0000,622.1799,-march=rv64gcv -mabi=lp64d,16.1.0,ok
web-Google,gcv,intrinsic,rvv_f32_m2,-,f32,1,2,10,11.967379020,12.002056669,0.079662114,11.964042675,12.226229794,0.008338136,0.0219,0.0101,0.0101,0.0001,0.0099,0.0101,0.8843,0.8809,0.8845,yes,0.8843,1.0000,1.0000,29710164,66.2222,4334,11104.3421,19138787792,466286372,0.0244,18578781447,0.9707,1.0000,644.1832,-march=rv64gcv -mabi=lp64d,16.1.0,ok
web-Google,gcv,intrinsic,rvv_f32_m4,-,f32,1,4,10,12.967810520,12.993919526,0.077811754,12.960750205,13.227126413,0.005017122,0.0205,0.0094,0.0094,0.0001,0.0092,0.0094,0.8161,0.8157,0.8162,yes,0.8161,1.0000,1.0000,29710164,66.2222,4334,11104.3421,20739062816,448619921,0.0216,20185034182,0.9733,1.0000,698.0461,-march=rv64gcv -mabi=lp64d,16.1.0,ok
web-Google,gcv,autovec,scalar_f32,-,f32,1,,10,10.582617543,10.602773319,0.062392067,10.578266257,10.789853969,0.003247685,0.0200,0.0115,0.0115,0.0001,0.0112,0.0115,1.0000,1.0000,1.0000,,1.0000,1.0000,1.0000,29710164,66.2222,4334,11104.3421,16924225768,1065607549,0.0630,15936731432,0.9417,1.0000,569.6443,-march=rv64gcv -mabi=lp64d,16.1.0,ok
web-Google,gcv,baseline,scalar_f32,-fno-tree-vectorize -fno-tree-slp-vectorize,f32,1,,10,10.601674050,10.630029191,0.077915098,10.593507029,10.860924467,0.011566113,0.0252,0.0115,0.0114,0.0001,0.0112,0.0115,0.9982,0.9965,0.9987,yes,0.9982,1.0000,1.0000,29710164,66.2222,4334,11104.3421,16954662718,1066221941,0.0629,15959308142,0.9413,1.0000,570.6688,-march=rv64gcv -mabi=lp64d,16.1.0,ok
web-Google,gcv,omp,scalar_omp_f32,-fopenmp,f32,1,,10,10.949001092,10.972481394,0.060227001,10.945184233,11.150049216,0.006897513,0.0187,0.0111,0.0111,0.0001,0.0109,0.0111,0.9665,0.9649,0.9668,yes,0.9665,1.0000,1.0000,29710164,66.2222,4334,11104.3421,17510542752,1067134207,0.0609,16530810566,0.9440,1.0000,589.3789,-march=rv64gcv -mabi=lp64d,16.1.0,ok
web-Google,gcv,omp,scalar_omp_f32,-fopenmp,f32,2,,10,11.392099766,11.420255773,0.082618655,11.382216055,11.666967809,0.017018918,0.0250,0.0107,0.0106,0.0001,0.0104,0.0107,0.9289,0.9279,0.9295,yes,0.9289,0.9611,0.4806,29710164,66.2222,4334,11104.3421,9101102914,547842768,0.0602,8475805516,0.9313,1.0000,306.3296,-march=rv64gcv -mabi=lp64d,16.1.0,ok
web-Google,gcv,omp,scalar_omp_f32,-fopenmp,f32,4,,10,11.367682635,11.380110382,0.038186172,11.360521285,11.493439863,0.014194044,0.0117,0.0107,0.0107,0.0000,0.0106,0.0107,0.9309,0.9302,0.9314,yes,0.9309,0.9632,0.2408,29710164,66.2222,4334,11104.3421,4566485125,276767350,0.0606,4250321808,0.9308,1.0000,153.7011,-march=rv64gcv -mabi=lp64d,16.1.0,ok
web-Google,gcv,omp,scalar_omp_f32,-fopenmp,f32,8,,10,11.302434276,11.356201560,0.109337219,11.298026910,11.583246845,0.003531584,0.0252,0.0107,0.0107,0.0001,0.0105,0.0107,0.9363,0.9256,0.9365,yes,0.9363,0.9687,0.1211,29710164,66.2222,4334,11104.3421,2284666106,142553892,0.0624,2121329164,0.9285,1.0000,76.8985,-march=rv64gcv -mabi=lp64d,16.1.0,ok
webbase-1M,gcv,intrinsic,rvv_f32_m1,-,f32,1,1,10,1.073910295,1.073749321,0.000913047,1.072501877,1.075459912,0.001656903,0.0028,0.1295,0.1295,0.0001,0.1293,0.1296,1.0215,1.0187,1.0228,yes,1.0215,1.0000,1.0000,51111996,69.5238,116179,223582.1660,1717268138,677046395,0.3943,1281866761,0.7465,1.0000,33.5981,-march=rv64gcv -mabi=lp64d,16.1.0,ok
webbase-1M,gcv,intrinsic,rvv_f32_m2,-,f32,1,2,10,1.077003010,1.086718285,0.028331134,1.075707480,1.171635229,0.002554018,0.0891,0.1291,0.1280,0.0031,0.1187,0.1293,1.0185,1.0152,1.0195,yes,1.0185,1.0000,1.0000,51111996,69.5238,116179,223582.1660,1722464824,621132932,0.3606,1323174921,0.7682,1.0000,33.6998,-march=rv64gcv -mabi=lp64d,16.1.0,ok
webbase-1M,gcv,intrinsic,rvv_f32_m4,-,f32,1,4,10,1.200649339,1.200447755,0.001601590,1.197848607,1.203313038,0.002238245,0.0046,0.1158,0.1158,0.0002,0.1156,0.1161,0.9136,0.9111,0.9150,yes,0.9136,1.0000,1.0000,51111996,69.5238,116179,223582.1660,1920420296,595782052,0.3102,1534995954,0.7993,1.0000,37.5728,-march=rv64gcv -mabi=lp64d,16.1.0,ok
webbase-1M,gcv,autovec,scalar_f32,-,f32,1,,10,1.096956651,1.101530437,0.017017986,1.093066338,1.152330069,0.003551583,0.0540,0.1268,0.1263,0.0019,0.1207,0.1272,1.0000,1.0000,1.0000,,1.0000,1.0000,1.0000,51111996,69.5238,116179,223582.1660,1754457230,1308986738,0.7461,874516498,0.4985,1.0000,34.3257,-march=rv64gcv -mabi=lp64d,16.1.0,ok
webbase-1M,gcv,baseline,scalar_f32,-fno-tree-vectorize -fno-tree-slp-vectorize,f32,1,,10,1.094995309,1.100119403,0.018319521,1.091166158,1.154810466,0.004168672,0.0581,0.1270,0.1264,0.0020,0.1204,0.1274,1.0018,0.9990,1.0045,no,1.0018,1.0000,1.0000,51111996,69.5238,116179,223582.1660,1751364098,1308992194,0.7474,872038041,0.4979,1.0000,34.2652,-march=rv64gcv -mabi=lp64d,16.1.0,ok
webbase-1M,gcv,omp,scalar_omp_f32,-fopenmp,f32,1,,10,1.208630309,1.213465146,0.012509223,1.205818182,1.247707058,0.003821817,0.0347,0.1150,0.1146,0.0012,0.1114,0.1153,0.9076,0.9025,0.9098,yes,0.9076,1.0000,1.0000,51111996,69.5238,116179,223582.1660,1933193849,1308746305,0.6770,1043776094,0.5399,1.0000,37.8227,-march=rv64gcv -mabi=lp64d,16.1.0,ok
webbase-1M,gcv,omp,scalar_omp_f32,-fopenmp,f32,2,,10,1.228517601,1.228398003,0.001325373,1.226275440,1.230023012,0.002549601,0.0031,0.1132,0.1132,0.0001,0.1130,0.1134,0.8929,0.8904,0.8942,yes,0.8929,0.9838,0.4919,51111996,69.5238,116179,223582.1660,1566374245,1027818464,0.6562,866298228,0.5531,1.0000,30.6459,-march=rv64gcv -mabi=lp64d,16.1.0,ok
webbase-1M,gcv,omp,scalar_omp_f32,-fopenmp,f32,4,,10,1.251590559,1.255687090,0.014958497,1.247748889,1.300351303,0.002537310,0.0420,0.1111,0.1107,0.0013,0.1069,0.1114,0.8765,0.8741,0.8779,yes,0.8765,0.9657,0.2414,51111996,69.5238,116179,223582.1660,719100928,343412870,0.4776,472706741,0.6574,1.0000,14.0691,-march=rv64gcv -mabi=lp64d,16.1.0,ok
webbase-1M,gcv,omp,scalar_omp_f32,-fopenmp,f32,8,,10,1.248005561,1.248174251,0.001736686,1.244999300,1.250514435,0.003034948,0.0044,0.1114,0.1114,0.0002,0.1112,0.1117,0.8790,0.8764,0.8799,yes,0.8790,0.9684,0.1211,51111996,69.5238,116179,223582.1660,590251606,282586636,0.4788,386064114,0.6541,1.0000,11.5482,-march=rv64gcv -mabi=lp64d,16.1.0,ok
wiki-Vote,gcv,intrinsic,rvv_f32_m1,-,f32,1,1,10,0.086528882,0.086583358,0.000280944,0.086237483,0.087271256,0.000353353,0.0119,0.1050,0.1049,0.0003,0.1041,0.1054,1.0156,1.0123,1.0183,yes,1.0156,1.0000,1.0000,1831112,547.5238,31666,2861343.3971,138483970,26442600,0.1909,119800790,0.8651,1.0000,75.6283,-march=rv64gcv -mabi=lp64d,16.1.0,ok
wiki-Vote,gcv,intrinsic,rvv_f32_m2,-,f32,1,2,10,0.084256224,0.084287772,0.000202431,0.084038362,0.084718197,0.000374685,0.0081,0.1079,0.1078,0.0003,0.1072,0.1081,1.0430,1.0396,1.0455,yes,1.0430,1.0000,1.0000,1831112,547.5238,31666,2861343.3971,134869562,22525320,0.1670,118745300,0.8804,1.0000,73.6545,-march=rv64gcv -mabi=lp64d,16.1.0,ok
wiki-Vote,gcv,intrinsic,rvv_f32_m4,-,f32,1,4,10,0.083658800,0.084015038,0.001095483,0.083377401,0.087262423,0.000291943,0.0464,0.1086,0.1081,0.0014,0.1041,0.1090,1.0504,1.0469,1.0527,yes,1.0504,1.0000,1.0000,1831112,547.5238,31666,2861343.3971,133866294,20594412,0.1538,119290130,0.8911,1.0000,73.1066,-march=rv64gcv -mabi=lp64d,16.1.0,ok
wiki-Vote,gcv,autovec,scalar_f32,-,f32,1,,10,0.087877491,0.088304799,0.001387932,0.087650484,0.092447203,0.000287858,0.0546,0.1034,0.1029,0.0016,0.0983,0.1037,1.0000,1.0000,1.0000,,1.0000,1.0000,1.0000,1831112,547.5238,31666,2861343.3971,140592436,68344669,0.4861,92063792,0.6548,1.0000,76.7798,-march=rv64gcv -mabi=lp64d,16.1.0,ok
wiki-Vote,gcv,baseline,scalar_f32,-fno-tree-vectorize -fno-tree-slp-vectorize,f32,1,,10,0.087966882,0.089925279,0.005914400,0.087709313,0.107662309,0.000241819,0.2268,0.1033,0.1014,0.0057,0.0844,0.1036,0.9990,0.9963,1.0011,no,0.9990,1.0000,1.0000,1831112,547.5238,31666,2861343.3971,140777862,68352334,0.4855,92239679,0.6552,1.0000,76.8811,-march=rv64gcv -mabi=lp64d,16.1.0,ok
wiki-Vote,gcv,omp,scalar_omp_f32,-fopenmp,f32,1,,10,0.093188326,0.095141769,0.003248654,0.092715228,0.100433400,0.007053294,0.0828,0.0975,0.0956,0.0032,0.0905,0.0980,0.9430,0.8798,0.9471,yes,0.9430,1.0000,1.0000,1831112,547.5238,31666,2861343.3971,148990531,68369358,0.4589,101265124,0.6797,1.0000,81.3661,-march=rv64gcv -mabi=lp64d,16.1.0,ok
wiki-Vote,gcv,omp,scalar_omp_f32,-fopenmp,f32,2,,10,0.095920623,0.096260041,0.001327573,0.095456151,0.100179624,0.000367728,0.0492,0.0947,0.0944,0.0013,0.0907,0.0952,0.9161,0.9141,0.9196,yes,0.9161,0.9715,0.4858,1831112,547.5238,31666,2861343.3971,115590476,51017436,0.4414,79447293,0.6873,1.0000,63.1258,-march=rv64gcv -mabi=lp64d,16.1.0,ok
wiki-Vote,gcv,omp,scalar_omp_f32,-fopenmp,f32,4,,10,0.096885316,0.096909444,0.000203530,0.096683162,0.097323541,0.000336106,0.0066,0.0938,0.0938,0.0002,0.0934,0.0940,0.9070,0.9042,0.9094,yes,0.9070,0.9618,0.2405,1831112,547.5238,31666,2861343.3971,63480522,27078154,0.4266,43513542,0.6855,1.0000,34.6677,-march=rv64gcv -mabi=lp64d,16.1.0,ok
wiki-Vote,gcv,omp,scalar_omp_f32,-fopenmp,f32,8,,10,0.097105658,0.097482377,0.001229197,0.096630582,0.101101235,0.000389686,0.0460,0.0935,0.0932,0.0011,0.0899,0.0940,0.9050,0.9019,0.9070,yes,0.9050,0.9597,0.1200,1831112,547.5238,31666,2861343.3971,35167894,14850320,0.4223,23949557,0.6810,1.0000,19.2058,-march=rv64gcv -mabi=lp64d,16.1.0,ok
